<?xml version="1.0"?>
<CC015B>
  <SynIdeMES1>UNOC</SynIdeMES1>
  <SynVerNumMES2>3</SynVerNumMES2>
  <MesSenMES3>NTA.TR</MesSenMES3>
  <MesRecMES6>NTA.TR</MesRecMES6>
  <DatOfPreMES9>111220</DatOfPreMES9>
  <TimOfPreMES10>1710</TimOfPreMES10>
  <IntConRefMES11>11122017100875</IntConRefMES11>
  <AckReqMES16>0</AckReqMES16>
  <TesIndMES18>0</TesIndMES18>
  <MesIdeMES19>11122017100829</MesIdeMES19>
  <MesTypMES20>CC015B</MesTypMES20>
  <HEAHEA>
    <RefNumHEA4>1</RefNumHEA4>
    <TypOfDecHEA24>T1</TypOfDecHEA24>
    <CouOfDesCodHEA30>TR</CouOfDesCodHEA30>
    <CouOfDisCodHEA55>TR</CouOfDisCodHEA55>
    <IdeOfMeaOfTraAtDHEA78>33</IdeOfMeaOfTraAtDHEA78>
    <IdeOfMeaOfTraAtDHEA78LNG>TR</IdeOfMeaOfTraAtDHEA78LNG>
    <NatOfMeaOfTraAtDHEA80>TR</NatOfMeaOfTraAtDHEA80>
    <ConIndHEA96>0</ConIndHEA96>
    <NCTSAccDocHEA601LNG>TR</NCTSAccDocHEA601LNG>
    <TotNumOfIteHEA305>1</TotNumOfIteHEA305>
    <TotNumOfPacHEA306>100</TotNumOfPacHEA306>
    <TotGroMasHEA307>100</TotGroMasHEA307>
    <DecDatHEA383>20111220</DecDatHEA383>
    <DecPlaHEA394>ANKARA</DecPlaHEA394>
    <DecPlaHEA394LNG>TR</DecPlaHEA394LNG>
    <TruckId2>34ERT678</TruckId2>
    <TruckId3>34TYU876</TruckId3>
    <DamgaVergi>40</DamgaVergi>
  </HEAHEA>
  <TRAPRIPC1>
    <NamPC17>ABC</NamPC17>
    <StrAndNumPC122>BEŞTEPE M.MECNUN SOK58</StrAndNumPC122>
    <PosCodPC123>06100</PosCodPC123>
    <CitPC124>006/YENİMAHALLE</CitPC124>
    <CouPC125>TR</CouPC125>
    <NADLNGPC>TR</NADLNGPC>
    <TINPC159>1234567890</TINPC159>
  </TRAPRIPC1>
  <!--<TRACONCO1>
    <NamCO17>ABC</NamCO17>
    <StrAndNumCO122>ANK.TEKN.GELİŞ.BÖL. CYBERPARK BİLKE</StrAndNumCO122>
    <PosCodCO123>006276</PosCodCO123>
    <CitCO124>006/ÇANKAYA</CitCO124>
    <CouCO125>TR</CouCO125>
    <NADLNGCO>TR</NADLNGCO>
    <TINCO159>1234567890</TINCO159>
  </TRACONCO1>
  <TRACONCE1>
    <NamCE17>ABC</NamCE17>
    <StrAndNumCE122>ANK.TEKN.GELİŞ.BÖL. CYBERPARK BİLKE</StrAndNumCE122>
    <PosCodCE123>000000</PosCodCE123>
    <CitCE124>006/ÇANKAYA</CitCE124>
    <CouCE125>TR</CouCE125>
    <NADLNGCE>TR</NADLNGCE>
    <TINCE159>1234567890</TINCE159>
  </TRACONCE1>-->
  <CUSOFFDEPEPT>
    <RefNumEPT1>TR220200</RefNumEPT1>
  </CUSOFFDEPEPT>
  <CUSOFFDESEST>
    <RefNumEST1>TR061600</RefNumEST1>
  </CUSOFFDESEST>
  <REPREP>
    <NamREP5>ÖMÜR İNELLİ</NamREP5>
  </REPREP>
  <GUAGUA>
    <GuaTypGUA1>1</GuaTypGUA1>
    <GUAREFREF>
      <GuaRefNumGRNREF1>10TR0600060008503</GuaRefNumGRNREF1>
      <AccCodREF6>2345</AccCodREF6>
      <CurREF8>TRL</CurREF8>
      <AmoConREF7>1</AmoConREF7>
    </GUAREFREF>
  </GUAGUA>
  <GOOITEGDS>
    <IteNumGDS7>1</IteNumGDS7>
    <ComCodTarCodGDS10>852352</ComCodTarCodGDS10>
    <GooDesGDS23>AKILLI KART</GooDesGDS23>
    <GooDesGDS23LNG>TR</GooDesGDS23LNG>
    <GroMasGDS46>0</GroMasGDS46>
    <NetMasGDS48>0</NetMasGDS48>
    <IhrBeyanNo>888888</IhrBeyanNo>
    <IhrBeyanTip>I</IhrBeyanTip>
    <IhrBeyanParcali>E</IhrBeyanParcali>
    <TRACONCE2>
      <NamCE27>DHL GLOBAL FORWARDING TAŞIMACILIK A</NamCE27>
      <StrAndNumCE222>ATATURK HAVALIMANI YENI KARGO BINAS</StrAndNumCE222>
      <PosCodCE223>034232</PosCodCE223>
      <CitCE224>34/BAKIRKOY</CitCE224>
      <CouCE225>TR</CouCE225>
      <NADLNGGICE>TR</NADLNGGICE>
      <TINCE259>2950430412</TINCE259>
    </TRACONCE2>
    <TRACONCO2>
      <NamCO27>DHL GLOBAL FORWARDING</NamCO27>
      <StrAndNumCO222>LKDMŞ</StrAndNumCO222>
      <PosCodCO223>000000</PosCodCO223>
      <CitCO224>LAX</CitCO224>
      <CouCO225>US</CouCO225>
      <NADLNGGTCO>EN</NADLNGGTCO>
      <TINCO259>DHL GLOBAL FORWAR</TINCO259>
    </TRACONCO2>
    <PRODOCDC2>
      <DocTypDC21>380</DocTypDC21>
      <DocRefDC23>55XXXXX</DocRefDC23>
      <DocRefDCLNG>TR</DocRefDCLNG>
      <ComOfInfDC25>19/02/2012</ComOfInfDC25>
    </PRODOCDC2>
    <PACGS2>
      <MarNumOfPacGS21>KAP</MarNumOfPacGS21>
      <MarNumOfPacGS21LNG>TR</MarNumOfPacGS21LNG>
      <KinOfPacGS23>BI</KinOfPacGS23>
      <NumOfPacGS24>100</NumOfPacGS24>
    </PACGS2>
  </GOOITEGDS>
  <GOOITEGDS>
    <IteNumGDS7>2</IteNumGDS7>
    <ComCodTarCodGDS10>852352</ComCodTarCodGDS10>
    <GooDesGDS23>AKILSIZ KART</GooDesGDS23>
    <GooDesGDS23LNG>TR</GooDesGDS23LNG>
    <GroMasGDS46>200</GroMasGDS46>
    <NetMasGDS48>198</NetMasGDS48>
    <IhrBeyanNo>99999</IhrBeyanNo>
    <IhrBeyanTip>I</IhrBeyanTip>
    <IhrBeyanParcali>E</IhrBeyanParcali>
    <TRACONCE2>
      <NamCE27>CARGOLUX HAVA YOLLARI A.S.</NamCE27>
      <StrAndNumCE222>AHL</StrAndNumCE222>
      <PosCodCE223>000000</PosCodCE223>
      <CitCE224>YEŞİLKÖY/İST</CitCE224>
      <CouCE225>TR</CouCE225>
      <NADLNGGICE>TR</NADLNGGICE>
      <TINCE259>2030015917</TINCE259>
    </TRACONCE2>
    <TRACONCO2>
      <NamCO27>CARGOLUX HAVA YOLLARI A.S.</NamCO27>
      <StrAndNumCO222>AHL</StrAndNumCO222>
      <PosCodCO223>000000</PosCodCO223>
      <CitCO224>YEŞİLKÖY/İST</CitCO224>
      <CouCO225>TR</CouCO225>
      <NADLNGGTCO>TR</NADLNGGTCO>
      <TINCO259>2030015917</TINCO259>
    </TRACONCO2>
    <PRODOCDC2>
      <DocTypDC21>390</DocTypDC21>
      <DocRefDC23>56XXXXX</DocRefDC23>
      <DocRefDCLNG>TR</DocRefDCLNG>
      <ComOfInfDC25>19/02/2012</ComOfInfDC25>
    </PRODOCDC2>
    <PACGS2>
      <MarNumOfPacGS21>KAP</MarNumOfPacGS21>
      <MarNumOfPacGS21LNG>TR</MarNumOfPacGS21LNG>
      <KinOfPacGS23>BI</KinOfPacGS23>
      <NumOfPacGS24>200</NumOfPacGS24>
    </PACGS2>
  </GOOITEGDS>
  <CARTRA100>
    <NamCARTRA121>STM SAVUNMA TEKNOLOJİLERİ MÜH.VE Tİ</NamCARTRA121>
    <StrAndNumCARTRA254>ANK.TEKN.GELİŞ.BÖL. CYBERPARK BİLKE</StrAndNumCARTRA254>
    <PosCodCARTRA121>006276</PosCodCARTRA121>
    <CitCARTRA789>006/ÇANKAYA</CitCARTRA789>
    <CouCodCARTRA587>TR</CouCodCARTRA587>
    <NADCARTRA121>TR</NADCARTRA121>
    <TINCARTRA254>7810140185</TINCARTRA254>
  </CARTRA100>
</CC015B>
